{
  "project_info": {
    "project_number": "190058266047",
    "project_id": "telemedicineapp-60558",
    "storage_bucket": "telemedicineapp-60558.appspot.com"
  },
  "client": [
    {
      "client_info": {
        "mobilesdk_app_id": "1:190058266047:android:f66df1ece5d995c867b50a",
        "android_client_info": {
          "package_name": "com.example.telemedicine_app"
        }
      },
      "oauth_client": [],
      "api_key": [
        {
          "current_key": "AIzaSyBHD_KKX9ho45mCXzMdWcHJzv82Ieu9e0c"
        }
      ],
      "services": {
        "appinvite_service": {
          "other_platform_oauth_client": []
        }
      }
    }
  ],
  "configuration_version": "1"
}